<?xml version="1.0" encoding="UTF-8"?>
<EnsembleReport name="unnamed" kind="unnamed" version="1.0" fabric="QSYS">
 <!-- Format version 16.1 196 (Future versions may contain additional information.) -->
 <!-- 2017.06.23.19:28:38 -->
 <!-- A collection of modules and connections -->
 <parameter name="AUTO_GENERATION_ID">
  <type>java.lang.Integer</type>
  <value>1498229918</value>
  <derived>false</derived>
  <enabled>true</enabled>
  <visible>false</visible>
  <valid>true</valid>
  <sysinfo_type>GENERATION_ID</sysinfo_type>
 </parameter>
 <parameter name="AUTO_UNIQUE_ID">
  <type>java.lang.String</type>
  <value></value>
  <derived>false</derived>
  <enabled>true</enabled>
  <visible>false</visible>
  <valid>true</valid>
  <sysinfo_type>UNIQUE_ID</sysinfo_type>
 </parameter>
 <parameter name="AUTO_DEVICE_FAMILY">
  <type>java.lang.String</type>
  <value>CYCLONEIVE</value>
  <derived>false</derived>
  <enabled>true</enabled>
  <visible>false</visible>
  <valid>true</valid>
  <sysinfo_type>DEVICE_FAMILY</sysinfo_type>
 </parameter>
 <parameter name="AUTO_DEVICE">
  <type>java.lang.String</type>
  <value>EP4CE115F29C7</value>
  <derived>false</derived>
  <enabled>true</enabled>
  <visible>false</visible>
  <valid>true</valid>
  <sysinfo_type>DEVICE</sysinfo_type>
 </parameter>
 <parameter name="AUTO_DEVICE_SPEEDGRADE">
  <type>java.lang.String</type>
  <value>7</value>
  <derived>false</derived>
  <enabled>true</enabled>
  <visible>false</visible>
  <valid>true</valid>
  <sysinfo_type>DEVICE_SPEEDGRADE</sysinfo_type>
 </parameter>
 <parameter name="AUTO_CLK_CLOCK_RATE">
  <type>java.lang.Long</type>
  <value>-1</value>
  <derived>false</derived>
  <enabled>true</enabled>
  <visible>false</visible>
  <valid>true</valid>
  <sysinfo_type>CLOCK_RATE</sysinfo_type>
  <sysinfo_arg>clk</sysinfo_arg>
 </parameter>
 <parameter name="AUTO_CLK_CLOCK_DOMAIN">
  <type>java.lang.Integer</type>
  <value>-1</value>
  <derived>false</derived>
  <enabled>true</enabled>
  <visible>false</visible>
  <valid>true</valid>
  <sysinfo_type>CLOCK_DOMAIN</sysinfo_type>
  <sysinfo_arg>clk</sysinfo_arg>
 </parameter>
 <parameter name="AUTO_CLK_RESET_DOMAIN">
  <type>java.lang.Integer</type>
  <value>-1</value>
  <derived>false</derived>
  <enabled>true</enabled>
  <visible>false</visible>
  <valid>true</valid>
  <sysinfo_type>RESET_DOMAIN</sysinfo_type>
  <sysinfo_arg>clk</sysinfo_arg>
 </parameter>
 <parameter name="deviceFamily">
  <type>java.lang.String</type>
  <value>Cyclone IV E</value>
  <derived>false</derived>
  <enabled>true</enabled>
  <visible>false</visible>
  <valid>true</valid>
  <sysinfo_type>DEVICE_FAMILY</sysinfo_type>
 </parameter>
 <parameter name="generateLegacySim">
  <type>boolean</type>
  <value>false</value>
  <derived>false</derived>
  <enabled>true</enabled>
  <visible>true</visible>
  <valid>true</valid>
 </parameter>
 <module
   name="character_lcd_0"
   kind="altera_up_avalon_character_lcd"
   version="16.1"
   path="character_lcd_0">
  <!-- Describes a single module. Module parameters are
the requested settings for a module instance. -->
  <parameter name="cursor">
   <type>java.lang.String</type>
   <value>Normal</value>
   <derived>false</derived>
   <enabled>true</enabled>
   <visible>true</visible>
   <valid>true</valid>
  </parameter>
  <parameter name="AUTO_DEVICE_FAMILY">
   <type>java.lang.String</type>
   <value>CYCLONEIVE</value>
   <derived>false</derived>
   <enabled>true</enabled>
   <visible>false</visible>
   <valid>true</valid>
   <sysinfo_type>DEVICE_FAMILY</sysinfo_type>
  </parameter>
  <parameter name="AUTO_CLK_CLOCK_RATE">
   <type>java.lang.Long</type>
   <value>0</value>
   <derived>false</derived>
   <enabled>true</enabled>
   <visible>false</visible>
   <valid>true</valid>
   <sysinfo_type>CLOCK_RATE</sysinfo_type>
   <sysinfo_arg>clk</sysinfo_arg>
  </parameter>
  <parameter name="deviceFamily">
   <type>java.lang.String</type>
   <value>Cyclone IV E</value>
   <derived>false</derived>
   <enabled>true</enabled>
   <visible>false</visible>
   <valid>true</valid>
   <sysinfo_type>DEVICE_FAMILY</sysinfo_type>
  </parameter>
  <parameter name="generateLegacySim">
   <type>boolean</type>
   <value>false</value>
   <derived>false</derived>
   <enabled>true</enabled>
   <visible>true</visible>
   <valid>true</valid>
  </parameter>
  <interface name="clk" kind="clock_sink" version="16.1">
   <!-- The connection points exposed by a module instance for the
particular module parameters. Connection points and their
parameters are a RESULT of the module parameters. -->
   <parameter name="externallyDriven">
    <type>boolean</type>
    <value>false</value>
    <derived>false</derived>
    <enabled>true</enabled>
    <visible>false</visible>
    <valid>true</valid>
   </parameter>
   <parameter name="ptfSchematicName">
    <type>java.lang.String</type>
    <value></value>
    <derived>false</derived>
    <enabled>true</enabled>
    <visible>false</visible>
    <valid>true</valid>
   </parameter>
   <parameter name="deviceFamily">
    <type>java.lang.String</type>
    <value>UNKNOWN</value>
    <derived>false</derived>
    <enabled>true</enabled>
    <visible>true</visible>
    <valid>true</valid>
   </parameter>
   <parameter name="generateLegacySim">
    <type>boolean</type>
    <value>false</value>
    <derived>false</derived>
    <enabled>true</enabled>
    <visible>true</visible>
    <valid>true</valid>
   </parameter>
   <parameter name="clockRateKnown">
    <type>java.lang.Boolean</type>
    <value>false</value>
    <derived>true</derived>
    <enabled>true</enabled>
    <visible>false</visible>
    <valid>true</valid>
   </parameter>
   <parameter name="clockRate">
    <type>java.lang.Long</type>
    <value>0</value>
    <derived>true</derived>
    <enabled>true</enabled>
    <visible>false</visible>
    <valid>true</valid>
   </parameter>
   <type>clock</type>
   <isStart>false</isStart>
   <port>
    <name>clk</name>
    <direction>Input</direction>
    <width>1</width>
    <role>clk</role>
   </port>
  </interface>
  <interface name="reset" kind="reset_sink" version="16.1">
   <!-- The connection points exposed by a module instance for the
particular module parameters. Connection points and their
parameters are a RESULT of the module parameters. -->
   <parameter name="associatedClock">
    <type>java.lang.String</type>
    <value>clk</value>
    <derived>false</derived>
    <enabled>true</enabled>
    <visible>true</visible>
    <valid>true</valid>
   </parameter>
   <parameter name="synchronousEdges">
    <type>com.altera.sopcmodel.reset.Reset$Edges</type>
    <value>DEASSERT</value>
    <derived>false</derived>
    <enabled>true</enabled>
    <visible>true</visible>
    <valid>true</valid>
   </parameter>
   <parameter name="deviceFamily">
    <type>java.lang.String</type>
    <value>UNKNOWN</value>
    <derived>false</derived>
    <enabled>true</enabled>
    <visible>true</visible>
    <valid>true</valid>
   </parameter>
   <parameter name="generateLegacySim">
    <type>boolean</type>
    <value>false</value>
    <derived>false</derived>
    <enabled>true</enabled>
    <visible>true</visible>
    <valid>true</valid>
   </parameter>
   <type>reset</type>
   <isStart>false</isStart>
   <port>
    <name>reset</name>
    <direction>Input</direction>
    <width>1</width>
    <role>reset</role>
   </port>
  </interface>
  <interface name="avalon_lcd_slave" kind="avalon_slave" version="16.1">
   <!-- The connection points exposed by a module instance for the
particular module parameters. Connection points and their
parameters are a RESULT of the module parameters. -->
   <assignment>
    <name>embeddedsw.configuration.isFlash</name>
    <value>false</value>
   </assignment>
   <assignment>
    <name>embeddedsw.configuration.isMemoryDevice</name>
    <value>false</value>
   </assignment>
   <assignment>
    <name>embeddedsw.configuration.isNonVolatileStorage</name>
    <value>false</value>
   </assignment>
   <assignment>
    <name>embeddedsw.configuration.isPrintableDevice</name>
    <value>false</value>
   </assignment>
   <parameter name="addressAlignment">
    <type>com.altera.sopcmodel.avalon.AvalonConnectionPoint$AddressAlignment</type>
    <value>DYNAMIC</value>
    <derived>false</derived>
    <enabled>true</enabled>
    <visible>false</visible>
    <valid>true</valid>
   </parameter>
   <parameter name="addressGroup">
    <type>int</type>
    <value>0</value>
    <derived>false</derived>
    <enabled>true</enabled>
    <visible>false</visible>
    <valid>true</valid>
   </parameter>
   <parameter name="addressSpan">
    <type>java.math.BigInteger</type>
    <value>2</value>
    <derived>true</derived>
    <enabled>true</enabled>
    <visible>false</visible>
    <valid>true</valid>
   </parameter>
   <parameter name="addressUnits">
    <type>com.altera.sopcmodel.avalon.EAddrBurstUnits</type>
    <value>WORDS</value>
    <derived>false</derived>
    <enabled>true</enabled>
    <visible>true</visible>
    <valid>true</valid>
   </parameter>
   <parameter name="alwaysBurstMaxBurst">
    <type>boolean</type>
    <value>false</value>
    <derived>false</derived>
    <enabled>true</enabled>
    <visible>false</visible>
    <valid>true</valid>
   </parameter>
   <parameter name="associatedClock">
    <type>java.lang.String</type>
    <value>clk</value>
    <derived>false</derived>
    <enabled>true</enabled>
    <visible>true</visible>
    <valid>true</valid>
   </parameter>
   <parameter name="associatedReset">
    <type>java.lang.String</type>
    <value>reset</value>
    <derived>false</derived>
    <enabled>true</enabled>
    <visible>true</visible>
    <valid>true</valid>
   </parameter>
   <parameter name="bitsPerSymbol">
    <type>int</type>
    <value>8</value>
    <derived>false</derived>
    <enabled>true</enabled>
    <visible>true</visible>
    <valid>true</valid>
   </parameter>
   <parameter name="bridgedAddressOffset">
    <type>java.math.BigInteger</type>
    <value></value>
    <derived>false</derived>
    <enabled>true</enabled>
    <visible>false</visible>
    <valid>true</valid>
   </parameter>
   <parameter name="bridgesToMaster">
    <type>com.altera.entityinterfaces.IConnectionPoint</type>
    <value></value>
    <derived>false</derived>
    <enabled>true</enabled>
    <visible>false</visible>
    <valid>true</valid>
   </parameter>
   <parameter name="burstOnBurstBoundariesOnly">
    <type>boolean</type>
    <value>false</value>
    <derived>false</derived>
    <enabled>true</enabled>
    <visible>true</visible>
    <valid>true</valid>
   </parameter>
   <parameter name="burstcountUnits">
    <type>com.altera.sopcmodel.avalon.EAddrBurstUnits</type>
    <value>WORDS</value>
    <derived>false</derived>
    <enabled>true</enabled>
    <visible>true</visible>
    <valid>true</valid>
   </parameter>
   <parameter name="constantBurstBehavior">
    <type>boolean</type>
    <value>false</value>
    <derived>false</derived>
    <enabled>true</enabled>
    <visible>false</visible>
    <valid>true</valid>
   </parameter>
   <parameter name="explicitAddressSpan">
    <type>java.math.BigInteger</type>
    <value>0</value>
    <derived>false</derived>
    <enabled>true</enabled>
    <visible>true</visible>
    <valid>true</valid>
   </parameter>
   <parameter name="holdTime">
    <type>int</type>
    <value>0</value>
    <derived>false</derived>
    <enabled>false</enabled>
    <visible>true</visible>
    <valid>true</valid>
   </parameter>
   <parameter name="interleaveBursts">
    <type>boolean</type>
    <value>false</value>
    <derived>false</derived>
    <enabled>true</enabled>
    <visible>false</visible>
    <valid>true</valid>
   </parameter>
   <parameter name="isBigEndian">
    <type>boolean</type>
    <value>false</value>
    <derived>false</derived>
    <enabled>true</enabled>
    <visible>false</visible>
    <valid>true</valid>
   </parameter>
   <parameter name="isFlash">
    <type>boolean</type>
    <value>false</value>
    <derived>false</derived>
    <enabled>true</enabled>
    <visible>false</visible>
    <valid>true</valid>
   </parameter>
   <parameter name="isMemoryDevice">
    <type>boolean</type>
    <value>false</value>
    <derived>false</derived>
    <enabled>true</enabled>
    <visible>false</visible>
    <valid>true</valid>
   </parameter>
   <parameter name="isNonVolatileStorage">
    <type>boolean</type>
    <value>false</value>
    <derived>false</derived>
    <enabled>true</enabled>
    <visible>false</visible>
    <valid>true</valid>
   </parameter>
   <parameter name="linewrapBursts">
    <type>boolean</type>
    <value>false</value>
    <derived>false</derived>
    <enabled>true</enabled>
    <visible>true</visible>
    <valid>true</valid>
   </parameter>
   <parameter name="maximumPendingReadTransactions">
    <type>int</type>
    <value>0</value>
    <derived>false</derived>
    <enabled>false</enabled>
    <visible>true</visible>
    <valid>true</valid>
   </parameter>
   <parameter name="maximumPendingWriteTransactions">
    <type>int</type>
    <value>0</value>
    <derived>false</derived>
    <enabled>false</enabled>
    <visible>true</visible>
    <valid>true</valid>
   </parameter>
   <parameter name="minimumUninterruptedRunLength">
    <type>int</type>
    <value>1</value>
    <derived>false</derived>
    <enabled>true</enabled>
    <visible>false</visible>
    <valid>true</valid>
   </parameter>
   <parameter name="printableDevice">
    <type>boolean</type>
    <value>false</value>
    <derived>false</derived>
    <enabled>true</enabled>
    <visible>false</visible>
    <valid>true</valid>
   </parameter>
   <parameter name="readLatency">
    <type>int</type>
    <value>0</value>
    <derived>false</derived>
    <enabled>true</enabled>
    <visible>true</visible>
    <valid>true</valid>
   </parameter>
   <parameter name="readWaitStates">
    <type>int</type>
    <value>1</value>
    <derived>false</derived>
    <enabled>true</enabled>
    <visible>false</visible>
    <valid>true</valid>
   </parameter>
   <parameter name="readWaitTime">
    <type>int</type>
    <value>1</value>
    <derived>false</derived>
    <enabled>false</enabled>
    <visible>true</visible>
    <valid>true</valid>
   </parameter>
   <parameter name="registerIncomingSignals">
    <type>boolean</type>
    <value>false</value>
    <derived>false</derived>
    <enabled>true</enabled>
    <visible>false</visible>
    <valid>true</valid>
   </parameter>
   <parameter name="registerOutgoingSignals">
    <type>boolean</type>
    <value>false</value>
    <derived>false</derived>
    <enabled>true</enabled>
    <visible>false</visible>
    <valid>true</valid>
   </parameter>
   <parameter name="setupTime">
    <type>int</type>
    <value>0</value>
    <derived>false</derived>
    <enabled>false</enabled>
    <visible>true</visible>
    <valid>true</valid>
   </parameter>
   <parameter name="timingUnits">
    <type>com.altera.sopcmodel.avalon.TimingUnits</type>
    <value>Cycles</value>
    <derived>false</derived>
    <enabled>false</enabled>
    <visible>true</visible>
    <valid>true</valid>
   </parameter>
   <parameter name="transparentBridge">
    <type>boolean</type>
    <value>false</value>
    <derived>false</derived>
    <enabled>true</enabled>
    <visible>false</visible>
    <valid>true</valid>
   </parameter>
   <parameter name="wellBehavedWaitrequest">
    <type>boolean</type>
    <value>false</value>
    <derived>false</derived>
    <enabled>true</enabled>
    <visible>false</visible>
    <valid>true</valid>
   </parameter>
   <parameter name="writeLatency">
    <type>int</type>
    <value>0</value>
    <derived>false</derived>
    <enabled>true</enabled>
    <visible>false</visible>
    <valid>true</valid>
   </parameter>
   <parameter name="writeWaitStates">
    <type>int</type>
    <value>0</value>
    <derived>false</derived>
    <enabled>true</enabled>
    <visible>false</visible>
    <valid>true</valid>
   </parameter>
   <parameter name="writeWaitTime">
    <type>int</type>
    <value>0</value>
    <derived>false</derived>
    <enabled>false</enabled>
    <visible>true</visible>
    <valid>true</valid>
   </parameter>
   <parameter name="deviceFamily">
    <type>java.lang.String</type>
    <value>UNKNOWN</value>
    <derived>false</derived>
    <enabled>true</enabled>
    <visible>true</visible>
    <valid>true</valid>
   </parameter>
   <parameter name="generateLegacySim">
    <type>boolean</type>
    <value>false</value>
    <derived>false</derived>
    <enabled>true</enabled>
    <visible>true</visible>
    <valid>true</valid>
   </parameter>
   <type>avalon</type>
   <isStart>false</isStart>
   <port>
    <name>address</name>
    <direction>Input</direction>
    <width>1</width>
    <role>address</role>
   </port>
   <port>
    <name>chipselect</name>
    <direction>Input</direction>
    <width>1</width>
    <role>chipselect</role>
   </port>
   <port>
    <name>read</name>
    <direction>Input</direction>
    <width>1</width>
    <role>read</role>
   </port>
   <port>
    <name>write</name>
    <direction>Input</direction>
    <width>1</width>
    <role>write</role>
   </port>
   <port>
    <name>writedata</name>
    <direction>Input</direction>
    <width>8</width>
    <role>writedata</role>
   </port>
   <port>
    <name>readdata</name>
    <direction>Output</direction>
    <width>8</width>
    <role>readdata</role>
   </port>
   <port>
    <name>waitrequest</name>
    <direction>Output</direction>
    <width>1</width>
    <role>waitrequest</role>
   </port>
  </interface>
  <interface name="external_interface" kind="conduit_end" version="16.1">
   <!-- The connection points exposed by a module instance for the
particular module parameters. Connection points and their
parameters are a RESULT of the module parameters. -->
   <parameter name="associatedClock">
    <type>java.lang.String</type>
    <value></value>
    <derived>false</derived>
    <enabled>true</enabled>
    <visible>true</visible>
    <valid>true</valid>
   </parameter>
   <parameter name="associatedReset">
    <type>java.lang.String</type>
    <value></value>
    <derived>false</derived>
    <enabled>true</enabled>
    <visible>true</visible>
    <valid>true</valid>
   </parameter>
   <parameter name="deviceFamily">
    <type>java.lang.String</type>
    <value>UNKNOWN</value>
    <derived>false</derived>
    <enabled>true</enabled>
    <visible>true</visible>
    <valid>true</valid>
   </parameter>
   <parameter name="generateLegacySim">
    <type>boolean</type>
    <value>false</value>
    <derived>false</derived>
    <enabled>true</enabled>
    <visible>true</visible>
    <valid>true</valid>
   </parameter>
   <type>conduit</type>
   <isStart>false</isStart>
   <port>
    <name>LCD_DATA</name>
    <direction>Bidir</direction>
    <width>8</width>
    <role>export</role>
   </port>
   <port>
    <name>LCD_ON</name>
    <direction>Output</direction>
    <width>1</width>
    <role>export</role>
   </port>
   <port>
    <name>LCD_BLON</name>
    <direction>Output</direction>
    <width>1</width>
    <role>export</role>
   </port>
   <port>
    <name>LCD_EN</name>
    <direction>Output</direction>
    <width>1</width>
    <role>export</role>
   </port>
   <port>
    <name>LCD_RS</name>
    <direction>Output</direction>
    <width>1</width>
    <role>export</role>
   </port>
   <port>
    <name>LCD_RW</name>
    <direction>Output</direction>
    <width>1</width>
    <role>export</role>
   </port>
  </interface>
 </module>
 <plugin>
  <instanceCount>1</instanceCount>
  <name>altera_up_avalon_character_lcd</name>
  <type>com.altera.entityinterfaces.IElementClass</type>
  <subtype>com.altera.entityinterfaces.IModule</subtype>
  <displayName>16x2 Character Display</displayName>
  <version>16.1</version>
 </plugin>
 <plugin>
  <instanceCount>1</instanceCount>
  <name>clock_sink</name>
  <type>com.altera.entityinterfaces.IElementClass</type>
  <subtype>com.altera.entityinterfaces.IMutableConnectionPoint</subtype>
  <displayName>Clock Input</displayName>
  <version>16.1</version>
 </plugin>
 <plugin>
  <instanceCount>1</instanceCount>
  <name>reset_sink</name>
  <type>com.altera.entityinterfaces.IElementClass</type>
  <subtype>com.altera.entityinterfaces.IMutableConnectionPoint</subtype>
  <displayName>Reset Input</displayName>
  <version>16.1</version>
 </plugin>
 <plugin>
  <instanceCount>1</instanceCount>
  <name>avalon_slave</name>
  <type>com.altera.entityinterfaces.IElementClass</type>
  <subtype>com.altera.entityinterfaces.IMutableConnectionPoint</subtype>
  <displayName>Avalon Memory Mapped Slave</displayName>
  <version>16.1</version>
 </plugin>
 <plugin>
  <instanceCount>1</instanceCount>
  <name>conduit_end</name>
  <type>com.altera.entityinterfaces.IElementClass</type>
  <subtype>com.altera.entityinterfaces.IMutableConnectionPoint</subtype>
  <displayName>Conduit</displayName>
  <version>16.1</version>
 </plugin>
 <reportVersion>16.1 196</reportVersion>
 <uniqueIdentifier></uniqueIdentifier>
</EnsembleReport>
